{
  "pass@1": 0.7920731707317074,
  "pass@10": 0.8658536585365854
}